{"cameraMode":{"drawMode":0,"name":"Shaded","section":"Shading Mode"},"sceneLighting":true,"audioPlay":false,"sceneViewState":{"m_AlwaysRefresh":false,"showFog":true,"showSkybox":true,"showFlares":true,"showImageEffects":true,"showParticleSystems":true,"showVisualEffectGraphs":true,"m_FxEnabled":true},"in2DMode":false,"pivot":{"x":8.700325965881348,"y":-3.504307746887207,"z":1.1638917922973633},"rotation":{"x":-0.23654688894748689,"y":0.003495702752843499,"z":-0.0008508621831424534,"w":-0.9716219902038574},"size":11.127578735351563,"orthographic":false}