{"cameraMode":{"drawMode":0,"name":"Shaded","section":"Shading Mode"},"sceneLighting":true,"audioPlay":false,"sceneViewState":{"m_AlwaysRefresh":false,"showFog":true,"showSkybox":true,"showFlares":true,"showImageEffects":true,"showParticleSystems":true,"showVisualEffectGraphs":true,"m_FxEnabled":true},"in2DMode":false,"pivot":{"x":17.285133361816408,"y":2.6258697509765627,"z":-87.58787536621094},"rotation":{"x":0.3098021447658539,"y":-0.009127499535679818,"z":0.0029739111196249725,"w":0.9507570266723633},"size":138.74583435058595,"orthographic":false}