{"cameraMode":{"drawMode":0,"name":"Shaded","section":"Shading Mode"},"sceneLighting":true,"audioPlay":false,"sceneViewState":{"m_AlwaysRefresh":false,"showFog":true,"showSkybox":true,"showFlares":true,"showImageEffects":true,"showParticleSystems":true,"showVisualEffectGraphs":true,"m_FxEnabled":true},"in2DMode":false,"pivot":{"x":29.538742065429689,"y":2.626251220703125,"z":-87.35250854492188},"rotation":{"x":0.3098021447658539,"y":-0.009127499535679818,"z":0.0029739111196249725,"w":0.9507570266723633},"size":219.96983337402345,"orthographic":false}