{"cameraMode":{"drawMode":0,"name":"Shaded","section":"Shading Mode"},"sceneLighting":true,"audioPlay":false,"sceneViewState":{"m_AlwaysRefresh":false,"showFog":true,"showSkybox":true,"showFlares":true,"showImageEffects":true,"showParticleSystems":true,"showVisualEffectGraphs":true,"m_FxEnabled":true},"in2DMode":false,"pivot":{"x":52.44251251220703,"y":54.195159912109378,"z":-52.546051025390628},"rotation":{"x":0.4254613518714905,"y":-0.010044924914836884,"z":0.00472255377098918,"w":0.9049132466316223},"size":449.6520080566406,"orthographic":false}