{"cameraMode":{"drawMode":0,"name":"Shaded","section":"Shading Mode"},"sceneLighting":true,"audioPlay":false,"sceneViewState":{"m_AlwaysRefresh":false,"showFog":true,"showSkybox":true,"showFlares":true,"showImageEffects":true,"showParticleSystems":true,"showVisualEffectGraphs":true,"m_FxEnabled":true},"in2DMode":false,"pivot":{"x":49.17670822143555,"y":-306.67645263671877,"z":122.78280639648438},"rotation":{"x":0.5653811693191528,"y":0.0024744777474552395,"z":-0.001696149935014546,"w":0.824824869632721},"size":929.055419921875,"orthographic":false}