{"cameraMode":{"drawMode":0,"name":"Shaded","section":"Shading Mode"},"sceneLighting":true,"audioPlay":false,"sceneViewState":{"m_AlwaysRefresh":false,"showFog":true,"showSkybox":true,"showFlares":true,"showImageEffects":true,"showParticleSystems":true,"showVisualEffectGraphs":true,"m_FxEnabled":true},"in2DMode":false,"pivot":{"x":-36.42715072631836,"y":-317.6588134765625,"z":131.9073486328125},"rotation":{"x":0.39621496200561526,"y":0.0055089411325752739,"z":-0.0023772837594151499,"w":0.9181382656097412},"size":947.6461791992188,"orthographic":false}