{"cameraMode":{"drawMode":0,"name":"Shaded","section":"Shading Mode"},"sceneLighting":true,"audioPlay":false,"sceneViewState":{"m_AlwaysRefresh":false,"showFog":true,"showSkybox":true,"showFlares":true,"showImageEffects":true,"showParticleSystems":true,"showVisualEffectGraphs":true,"m_FxEnabled":true},"in2DMode":false,"pivot":{"x":18.88890266418457,"y":26.037506103515626,"z":-87.28421020507813},"rotation":{"x":0.4254613518714905,"y":-0.010044924914836884,"z":0.00472255377098918,"w":0.9049132466316223},"size":219.96983337402345,"orthographic":false}