{"cameraMode":{"drawMode":0,"name":"Shaded","section":"Shading Mode"},"sceneLighting":true,"audioPlay":false,"sceneViewState":{"m_AlwaysRefresh":false,"showFog":true,"showSkybox":true,"showFlares":true,"showImageEffects":true,"showParticleSystems":true,"showVisualEffectGraphs":true,"m_FxEnabled":true},"in2DMode":false,"pivot":{"x":32.295597076416019,"y":-0.6602582931518555,"z":3.027048110961914},"rotation":{"x":0.33174335956573489,"y":-0.0353650264441967,"z":0.012446216307580471,"w":0.9426254034042358},"size":102.9195556640625,"orthographic":false}